"","Funnel Disciplines","Gender","Pinnacle Result","Pinnacle Time","worldsFlag","juniorsFlag","pinnacleFlag","Years Out from Games"
"1","K1 1000m","Men",2,209.72,TRUE,FALSE,TRUE,1
"2","K1 500m","Men",6,98.818,TRUE,FALSE,TRUE,1
"3","K2 1000m","Men",4,200.8,TRUE,FALSE,TRUE,1
"4","K4 500m","Women",3,108.16,TRUE,FALSE,TRUE,1
"5","K4 500m","Women",6,100.92,TRUE,FALSE,TRUE,2
"6","K4 500m","Women",5,102.06,TRUE,FALSE,TRUE,3
"7","K4 500m","Women",3,105.53,TRUE,FALSE,TRUE,5
"8","K4 500m","Women",3,NA,TRUE,FALSE,TRUE,6
"9","K4 500m","Women",3,NA,TRUE,FALSE,TRUE,10
"10","K1 500m","Women",2,126.29,TRUE,FALSE,TRUE,2
"11","K1 500m","Women",3,120.65,TRUE,FALSE,TRUE,3
"12","K1 500m","Women",6,121.33,FALSE,FALSE,TRUE,4
"13","K2 500m","Women",3,119.88,TRUE,FALSE,TRUE,1
"14","K2 500m","Women",3,119.48,TRUE,FALSE,TRUE,2
"15","K2 500m","Women",2,108.75,TRUE,FALSE,TRUE,3
"16","K2 500m","Women",5,109.27,FALSE,FALSE,TRUE,4
"17","K2 500m","Women",7,121.99,TRUE,FALSE,TRUE,5
"18","K4 500m","Women",4,108.87,TRUE,FALSE,TRUE,1
"19","K4 500m","Women",4,98.55,TRUE,FALSE,TRUE,2
"20","K4 500m","Women",3,100.94,TRUE,FALSE,TRUE,3
"21","K4 500m","Women",7,110.04,TRUE,FALSE,TRUE,5
"22","K1 1000m","Men",3,243.1,TRUE,FALSE,TRUE,1
"23","K1 1000m","Men",2,237.62,TRUE,FALSE,TRUE,2
"24","K1 1000m","Men",5,228.71,TRUE,FALSE,TRUE,3
"25","C2 1000m","Men",5,214.292,TRUE,FALSE,TRUE,1
"26","C2 1000m","Men",4,219.173,TRUE,FALSE,TRUE,2
"27","C2 1000m","Men",1,217.625,TRUE,TRUE,TRUE,3
"28","C2 1000m","Men",3,NA,TRUE,FALSE,TRUE,1
"29","C2 500m","Men",1,NA,TRUE,FALSE,TRUE,1
"30","C2 500m","Men",1,NA,TRUE,FALSE,TRUE,2
"31","K1 1000m","Men",1,NA,TRUE,FALSE,TRUE,2
"32","K2 1000m","Men",1,NA,TRUE,FALSE,TRUE,2
"33","K2 500m","Women",7,124.35,TRUE,FALSE,TRUE,1
"34","K2 500m","Women",5,122.1,TRUE,FALSE,TRUE,2
"35","K2 500m","Women",6,111.21,TRUE,FALSE,TRUE,3
"36","K4 500m","Women",5,100.11,TRUE,FALSE,TRUE,2
"37","K4 500m","Women",6,102.74,TRUE,FALSE,TRUE,3
"38","C2 1000m","Men",2,215.325,TRUE,FALSE,TRUE,1
"39","C2 1000m","Men",6,NA,TRUE,FALSE,TRUE,2
"40","C2 1000m","Men",5,222.941,TRUE,FALSE,TRUE,3
"41","C2 1000m","Men",4,221.267,FALSE,FALSE,TRUE,4
"42","C2 1000m","Men",1,218.999,TRUE,FALSE,TRUE,5
"43","C2 1000m","Men",1,236.028,TRUE,FALSE,TRUE,6
"44","C2 500m","Men",3,104.28,TRUE,FALSE,TRUE,2
"45","C2 500m","Men",4,105.303,TRUE,FALSE,TRUE,3
"46","C2 500m","Men",6,120.134,FALSE,FALSE,TRUE,4
"47","C2 500m","Men",3,105.068,TRUE,FALSE,TRUE,5
"48","C2 500m","Men",6,108.933,TRUE,FALSE,TRUE,6
"49","C2 1000m","Men",2,215.325,TRUE,FALSE,TRUE,1
"50","C2 1000m","Men",5,222.941,TRUE,FALSE,TRUE,3
"51","C2 1000m","Men",4,221.267,FALSE,FALSE,TRUE,4
"52","C2 1000m","Men",1,218.999,TRUE,FALSE,TRUE,5
"53","C2 1000m","Men",1,236.028,TRUE,FALSE,TRUE,6
"54","C2 500m","Men",4,105.303,TRUE,FALSE,TRUE,3
"55","C2 500m","Men",6,120.134,FALSE,FALSE,TRUE,4
"56","C2 500m","Men",3,105.068,TRUE,FALSE,TRUE,5
"57","C2 500m","Men",6,108.933,TRUE,FALSE,TRUE,6
"58","C1 200m","Men",3,39.687,TRUE,FALSE,TRUE,1
"59","C2 1000m","Men",5,229.475,TRUE,FALSE,TRUE,1
"60","C2 1000m","Men",10,213.588,FALSE,FALSE,TRUE,4
"61","K2 1000m","Men",6,237.12,TRUE,FALSE,TRUE,1
"62","K2 1000m","Men",2,217.45,TRUE,FALSE,TRUE,2
"63","K2 1000m","Men",5,203.62,TRUE,FALSE,TRUE,3
"64","K2 500m","Men",3,109.58,TRUE,FALSE,TRUE,1
"65","K2 500m","Men",6,100.47,TRUE,FALSE,TRUE,3
"66","K2 1000m","Men",19,NA,TRUE,FALSE,TRUE,1
"67","K2 1000m","Men",4,200.269,TRUE,FALSE,TRUE,2
"68","K2 1000m","Men",6,200.384,TRUE,FALSE,TRUE,3
"69","C2 1000m","Men",3,227.22,TRUE,FALSE,TRUE,1
"70","C2 1000m","Men",1,230.1,TRUE,FALSE,TRUE,2
"71","C1 1000m","Men",2,234.963,TRUE,FALSE,TRUE,1
"72","C1 1000m","Men",3,250.917,TRUE,FALSE,TRUE,2
"73","C1 1000m","Men",1,239.082,TRUE,FALSE,TRUE,3
"74","K2 1000m","Men",4,206.617,TRUE,FALSE,TRUE,1
"75","K2 1000m","Men",2,199.075,TRUE,FALSE,TRUE,2
"76","K2 1000m","Men",2,198.722,TRUE,FALSE,TRUE,3
"77","K2 1000m","Men",4,196.627,FALSE,FALSE,TRUE,8
"78","K1 500m","Men",2,103.42,TRUE,FALSE,TRUE,1
"79","K1 500m","Men",4,109.88,TRUE,FALSE,TRUE,2
"80","K1 500m","Men",1,104.17,TRUE,FALSE,TRUE,3
"81","K1 500m","Men",3,120.45,TRUE,FALSE,TRUE,5
"82","C2 1000m","Men",5,229.475,TRUE,FALSE,TRUE,1
"83","K2 500m","Men",12,91.99,FALSE,FALSE,TRUE,4
"84","K2 500m","Men",4,93.24,TRUE,FALSE,TRUE,5
"85","C2 500m","Men",3,NA,TRUE,FALSE,TRUE,3
"86","K2 500m","Women",1,103.37,TRUE,FALSE,TRUE,1
"87","K2 500m","Women",4,112.28,TRUE,FALSE,TRUE,2
"88","K2 500m","Women",4,108.897,TRUE,FALSE,TRUE,3
"89","K4 500m","Women",1,96.003,TRUE,FALSE,TRUE,1
"90","K4 500m","Women",1,95.588,TRUE,FALSE,TRUE,2
"91","K4 500m","Women",1,97.99,TRUE,FALSE,TRUE,3
"92","K2 500m","Women",1,102.13,TRUE,FALSE,TRUE,1
"93","K4 500m","Women",1,95.1,TRUE,FALSE,TRUE,1
"94","K2 500m","Women",3,NA,TRUE,FALSE,TRUE,2
"95","K2 500m","Women",2,103.89,TRUE,FALSE,TRUE,1
"96","K2 500m","Women",5,113.32,TRUE,FALSE,TRUE,2
"97","K2 500m","Women",3,107.95,TRUE,FALSE,TRUE,3
"98","K2 500m","Women",3,101.719,TRUE,FALSE,TRUE,1
"99","K2 500m","Women",4,103.516,TRUE,FALSE,TRUE,2
"100","K2 500m","Women",3,102.974,TRUE,FALSE,TRUE,3
"101","K2 500m","Women",10,105.626,FALSE,FALSE,TRUE,4
"102","K2 500m","Women",1,NA,TRUE,FALSE,TRUE,1
"103","K2 500m","Women",2,103.89,TRUE,FALSE,TRUE,1
"104","K2 500m","Women",5,113.32,TRUE,FALSE,TRUE,2
"105","K2 500m","Women",3,107.95,TRUE,FALSE,TRUE,3
"106","C2 1000m","Men",2,226.03,TRUE,FALSE,TRUE,1
"107","K1 500m","Women",2,NA,TRUE,FALSE,TRUE,2
"108","K2 500m","Women",2,NA,TRUE,FALSE,TRUE,2
"109","K1 500m","Men",8,102.291,TRUE,FALSE,TRUE,1
"110","K1 500m","Men",4,103.3,TRUE,FALSE,TRUE,2
"111","K1 500m","Men",4,103.09,TRUE,FALSE,TRUE,3
"112","K2 1000m","Men",1,198.11,TRUE,FALSE,TRUE,1
"113","K2 1000m","Men",2,202.772,TRUE,FALSE,TRUE,2
"114","K2 1000m","Men",2,203,TRUE,FALSE,TRUE,3
"115","K2 1000m","Men",4,199.96,TRUE,FALSE,TRUE,5
"116","K2 1000m","Men",19,NA,TRUE,FALSE,TRUE,1
"117","K2 1000m","Men",4,200.269,TRUE,FALSE,TRUE,2
"118","K2 1000m","Men",6,200.384,TRUE,FALSE,TRUE,3
"119","C2 1000m","Men",7,232.32,TRUE,FALSE,TRUE,1
"120","C2 1000m","Men",4,221.64,TRUE,FALSE,TRUE,2
"121","C2 1000m","Men",1,217.08,TRUE,FALSE,TRUE,3
"122","C2 1000m","Men",4,234.94,FALSE,FALSE,TRUE,4
"123","C2 1000m","Men",7,231.61,TRUE,FALSE,TRUE,5
"124","K1 1000m","Men",2,NA,TRUE,FALSE,TRUE,1
"125","K4 500m","Women",5,100.11,TRUE,FALSE,TRUE,2
"126","K4 500m","Women",6,102.74,TRUE,FALSE,TRUE,3
"127","K1 500m","Women",4,129.01,TRUE,FALSE,TRUE,5
"128","K2 500m","Women",5,113.86,FALSE,FALSE,TRUE,8
"129","K2 500m","Women",1,NA,TRUE,FALSE,TRUE,1
"130","K2 500m","Women",1,NA,TRUE,FALSE,TRUE,2
"131","K2 1000m","Men",8,238.47,TRUE,FALSE,TRUE,1
"132","K2 500m","Women",5,103.532,TRUE,FALSE,TRUE,3
"133","K2 500m","Women",1,103.37,TRUE,FALSE,TRUE,1
"134","K2 500m","Women",4,112.28,TRUE,FALSE,TRUE,2
"135","K2 500m","Women",4,108.897,TRUE,FALSE,TRUE,3
"136","K1 1000m","Men",1,208.852,TRUE,FALSE,TRUE,1
"137","K1 1000m","Men",5,220.74,TRUE,FALSE,TRUE,1
"138","K1 1000m","Men",4,223.914,TRUE,FALSE,TRUE,2
"139","K1 1000m","Men",5,227.99,TRUE,FALSE,TRUE,3
"140","K1 1000m","Men",5,221.12,FALSE,FALSE,TRUE,4
"141","K2 500m","Men",1,90.561,TRUE,FALSE,TRUE,1
"142","K2 1000m","Men",5,195.075,TRUE,FALSE,TRUE,1
"143","K2 1000m","Men",4,199.96,TRUE,FALSE,TRUE,9
"144","K2 1000m","Men",7,237.35,TRUE,FALSE,TRUE,1
"145","K2 500m","Women",1,102.13,TRUE,FALSE,TRUE,1
"146","K2 500m","Women",1,103.72,TRUE,FALSE,TRUE,3
"147","K2 500m","Women",1,117.76,TRUE,FALSE,TRUE,5
"148","K2 500m","Women",1,117.23,TRUE,FALSE,TRUE,6
"149","K2 500m","Women",1,107.24,TRUE,FALSE,TRUE,7
"150","K4 500m","Women",1,95.1,TRUE,FALSE,TRUE,1
"151","K4 500m","Women",1,95.42,TRUE,FALSE,TRUE,3
"152","K4 500m","Women",1,105.48,TRUE,FALSE,TRUE,5
"153","K4 500m","Women",1,97.08,TRUE,FALSE,TRUE,6
"154","K4 500m","Women",1,98.87,TRUE,FALSE,TRUE,7
"155","K4 500m","Women",1,102.6,TRUE,FALSE,TRUE,9
"156","C2 500m","Men",7,104.4,TRUE,FALSE,TRUE,1
"157","C2 500m","Men",4,112.41,TRUE,FALSE,TRUE,1
"158","K2 500m","Men",2,92.439,TRUE,FALSE,TRUE,1
"159","K1 500m","Women",10,106.906,TRUE,FALSE,TRUE,1
"160","K1 500m","Women",13,114.73,TRUE,FALSE,TRUE,2
"161","K1 500m","Women",10,114.13,TRUE,FALSE,TRUE,3
"162","K2 500m","Women",1,NA,TRUE,FALSE,TRUE,1
"163","K4 500m","Women",5,94.559,TRUE,FALSE,TRUE,1
"164","K1 500m","Women",2,112.798,TRUE,FALSE,TRUE,1
"165","K1 500m","Women",4,114.744,TRUE,FALSE,TRUE,2
"166","K1 500m","Women",3,114.72,TRUE,FALSE,TRUE,3
"167","K1 500m","Women",7,114.82,FALSE,FALSE,TRUE,4
"168","K1 500m","Women",4,115.15,TRUE,FALSE,TRUE,5
"169","K1 500m","Women",7,119.95,TRUE,FALSE,TRUE,6
"170","K1 500m","Women",7,NA,TRUE,FALSE,TRUE,7
"171","K4 500m","Women",6,99.777,TRUE,FALSE,TRUE,1
"172","K4 500m","Women",6,98.116,FALSE,FALSE,TRUE,4
"173","K4 500m","Women",5,NA,TRUE,FALSE,TRUE,6
"174","C2 1000m","Men",7,232.32,TRUE,FALSE,TRUE,1
"175","C2 1000m","Men",4,221.64,TRUE,FALSE,TRUE,2
"176","C2 1000m","Men",1,217.08,TRUE,FALSE,TRUE,3
"177","C2 1000m","Men",4,234.94,FALSE,FALSE,TRUE,4
"178","C2 1000m","Men",7,231.61,TRUE,FALSE,TRUE,5
"179","C2 500m","Men",3,101.501,TRUE,FALSE,TRUE,1
"180","C2 500m","Men",1,99.851,TRUE,FALSE,TRUE,3
"181","C2 500m","Men",5,100.802,FALSE,FALSE,TRUE,4
"182","C2 500m","Men",7,NA,TRUE,FALSE,TRUE,6
"183","C2 500m","Men",5,119.294,FALSE,FALSE,TRUE,8
"184","C2 500m","Men",8,106.932,TRUE,FALSE,TRUE,9
"185","C2 500m","Men",3,107.409,TRUE,FALSE,TRUE,10
"186","K1 1000m","Men",6,220.2,TRUE,FALSE,TRUE,1
"187","K2 500m","Men",7,92.837,TRUE,FALSE,TRUE,9
"188","K2 500m","Men",3,93.876,TRUE,FALSE,TRUE,10
"189","K4 500m","Women",1,97.145,TRUE,FALSE,TRUE,1
"190","K4 500m","Women",2,91.817,TRUE,FALSE,TRUE,2
"191","K4 500m","Women",1,91.686,TRUE,FALSE,TRUE,3
"192","C2 1000m","Men",1,225.56,TRUE,FALSE,TRUE,1
"193","C2 1000m","Men",5,235.01,TRUE,FALSE,TRUE,3
"194","C2 500m","Men",1,102.741,TRUE,FALSE,TRUE,1
"195","C2 500m","Men",2,108.452,TRUE,FALSE,TRUE,2
"196","C2 500m","Men",1,106.4,TRUE,FALSE,TRUE,3
"197","K2 500m","Men",12,91.99,FALSE,FALSE,TRUE,4
"198","K2 500m","Men",4,93.24,TRUE,FALSE,TRUE,5
"199","C2 500m","Men",1,103.553,TRUE,FALSE,TRUE,1
"200","C2 500m","Men",2,107.161,TRUE,FALSE,TRUE,2
"201","C2 500m","Men",2,109.587,TRUE,FALSE,TRUE,3
"202","K4 500m","Women",7,99.415,TRUE,FALSE,TRUE,1
"203","K1 500m","Women",6,144.1,FALSE,FALSE,TRUE,4
"204","K2 1000m","Men",1,198.11,TRUE,FALSE,TRUE,1
"205","K2 1000m","Men",2,202.772,TRUE,FALSE,TRUE,2
"206","K2 1000m","Men",2,203,TRUE,FALSE,TRUE,3
"207","K2 1000m","Men",5,200.34,FALSE,FALSE,TRUE,4
"208","K2 1000m","Men",6,198.77,TRUE,FALSE,TRUE,6
"209","K2 1000m","Men",5,198.13,TRUE,FALSE,TRUE,7
"210","K2 1000m","Men",7,202.87,TRUE,FALSE,TRUE,10
"211","K2 500m","Men",1,90.561,TRUE,FALSE,TRUE,1
"212","K2 500m","Men",8,95.428,TRUE,FALSE,TRUE,2
"213","K2 500m","Men",5,94.64,TRUE,FALSE,TRUE,3
"214","K2 500m","Men",5,95.85,TRUE,FALSE,TRUE,6
"215","K2 500m","Men",6,93.33,TRUE,FALSE,TRUE,7
"216","K1 500m","Women",2,107.396,TRUE,FALSE,TRUE,1
"217","K2 500m","Women",1,99.865,TRUE,FALSE,TRUE,1
"218","K2 500m","Women",1,100.064,TRUE,FALSE,TRUE,6
"219","K2 500m","Women",1,101.144,TRUE,FALSE,TRUE,7
"220","C1 1000m","Men",2,233.406,TRUE,FALSE,TRUE,1
"221","C1 1000m","Men",1,NA,TRUE,FALSE,TRUE,2
"222","C1 1000m","Men",2,NA,TRUE,FALSE,TRUE,5
"223","C1 1000m","Men",6,279.72,FALSE,FALSE,TRUE,8
"224","K2 500m","Women",3,111.94,TRUE,FALSE,TRUE,2
"225","K2 500m","Women",4,108.03,TRUE,FALSE,TRUE,3
"226","K4 500m","Women",5,100.75,TRUE,FALSE,TRUE,1
"227","K4 500m","Women",4,96.22,TRUE,FALSE,TRUE,2
"228","K4 500m","Women",7,100.89,TRUE,FALSE,TRUE,3
"229","C2 1000m","Men",7,273.06,TRUE,FALSE,TRUE,1
"230","C2 1000m","Men",7,248.15,TRUE,FALSE,TRUE,2
"231","C2 1000m","Men",1,219.228,TRUE,FALSE,TRUE,1
"232","C1 1000m","Men",5,267.4,TRUE,FALSE,TRUE,1
"233","K1 200m","Men",2,34.986,TRUE,FALSE,TRUE,1
"234","K1 200m","Men",1,34.807,TRUE,FALSE,TRUE,2
"235","K1 200m","Men",9,37.036,TRUE,FALSE,TRUE,7
"236","K1 1000m","Men",4,210.615,TRUE,FALSE,TRUE,1
"237","K1 1000m","Men",1,207.586,TRUE,FALSE,TRUE,2
"238","K2 1000m","Men",6,196.057,TRUE,FALSE,TRUE,1
"239","K2 1000m","Men",2,193.691,TRUE,FALSE,TRUE,2
"240","K2 1000m","Men",1,196.685,TRUE,FALSE,TRUE,3
"241","K2 1000m","Men",9,200.515,FALSE,FALSE,TRUE,4
"242","K4 500m","Women",7,96.592,TRUE,FALSE,TRUE,1
"243","K4 500m","Women",5,105.871,TRUE,FALSE,TRUE,2
"244","K4 500m","Women",7,101.06,TRUE,FALSE,TRUE,3
"245","K2 1000m","Men",18,208.735,TRUE,FALSE,TRUE,1
"246","K1 500m","Women",1,116.684,TRUE,TRUE,TRUE,2
"247","K1 500m","Women",1,112.554,TRUE,TRUE,TRUE,3
"248","C2 1000m","Men",7,273.06,TRUE,FALSE,TRUE,1
"249","C2 1000m","Men",7,248.15,TRUE,FALSE,TRUE,2
"250","K4 500m","Women",2,98.66,TRUE,FALSE,TRUE,1
"251","K4 500m","Women",1,93.82,TRUE,FALSE,TRUE,2
"252","K4 500m","Women",3,97.41,TRUE,FALSE,TRUE,3
"253","K4 500m","Women",5,109.2,TRUE,FALSE,TRUE,5
"254","K4 500m","Women",3,98.37,TRUE,FALSE,TRUE,6
"255","K4 500m","Women",4,101.23,TRUE,FALSE,TRUE,7
"256","K4 500m","Women",1,93.82,TRUE,FALSE,TRUE,2
"257","C2 1000m","Men",1,218.508,TRUE,FALSE,TRUE,1
"258","C2 1000m","Men",8,213.328,TRUE,FALSE,TRUE,2
"259","C2 1000m","Men",10,221.749,TRUE,FALSE,TRUE,3
"260","C2 1000m","Men",10,NA,FALSE,FALSE,TRUE,4
"261","C2 1000m","Men",13,214.524,TRUE,FALSE,TRUE,5
"262","C2 1000m","Men",14,227.913,TRUE,FALSE,TRUE,6
"263","C2 1000m","Men",15,NA,TRUE,TRUE,TRUE,7
"264","K4 500m","Women",1,93.993,TRUE,FALSE,TRUE,1
"265","K2 500m","Women",2,104.36,TRUE,FALSE,TRUE,1
"266","K2 500m","Women",2,108.45,TRUE,FALSE,TRUE,2
"267","K2 500m","Women",2,104.63,TRUE,FALSE,TRUE,3
"268","K4 500m","Women",2,98.37,TRUE,FALSE,TRUE,1
"269","K4 500m","Women",2,96.29,TRUE,FALSE,TRUE,2
"270","K4 500m","Women",4,108.87,TRUE,FALSE,TRUE,1
"271","K4 500m","Women",4,98.55,TRUE,FALSE,TRUE,2
"272","K4 500m","Women",3,100.94,TRUE,FALSE,TRUE,3
"273","K4 500m","Women",7,110.04,TRUE,FALSE,TRUE,5
"274","K4 500m","Women",2,98.66,TRUE,FALSE,TRUE,1
"275","K4 500m","Women",1,93.82,TRUE,FALSE,TRUE,2
"276","K4 500m","Women",3,97.41,TRUE,FALSE,TRUE,3
"277","K4 500m","Women",5,109.2,TRUE,FALSE,TRUE,5
"278","K4 500m","Women",3,98.37,TRUE,FALSE,TRUE,6
"279","K4 500m","Women",4,101.23,TRUE,FALSE,TRUE,7
"280","C2 1000m","Men",3,NA,TRUE,FALSE,TRUE,1
"281","K2 500m","Men",1,92.4,TRUE,FALSE,TRUE,1
"282","C2 500m","Men",2,103.986,TRUE,FALSE,TRUE,1
"283","K2 1000m","Men",7,198.56,TRUE,FALSE,TRUE,2
"284","C2 1000m","Men",6,222.538,TRUE,FALSE,TRUE,1
"285","C2 1000m","Men",2,236.55,TRUE,FALSE,TRUE,2
"286","C2 500m","Men",5,108.921,TRUE,FALSE,TRUE,2
"287","K2 500m","Women",2,97.275,TRUE,FALSE,TRUE,1
"288","K4 500m","Women",2,97.521,TRUE,FALSE,TRUE,1
"289","K4 500m","Women",2,96.396,TRUE,TRUE,TRUE,5
"290","K4 500m","Women",7,99.415,TRUE,FALSE,TRUE,1
"291","K2 500m","Women",1,99.865,TRUE,FALSE,TRUE,1
"292","K2 500m","Women",1,99.935,TRUE,FALSE,TRUE,2
"293","K2 500m","Women",1,100.064,TRUE,FALSE,TRUE,6
"294","K2 500m","Women",1,101.144,TRUE,FALSE,TRUE,7
"295","K2 500m","Women",2,NA,TRUE,FALSE,TRUE,1
"296","C2 1000m","Men",2,NA,TRUE,FALSE,TRUE,1
"297","C2 1000m","Men",1,NA,TRUE,FALSE,TRUE,3
"298","C2 500m","Men",6,104.59,TRUE,FALSE,TRUE,1
"299","C2 500m","Men",1,107.78,TRUE,FALSE,TRUE,2
"300","C2 500m","Men",4,102.84,FALSE,FALSE,TRUE,4
"301","C2 500m","Men",4,102.87,TRUE,FALSE,TRUE,5
"302","C2 500m","Men",4,108.99,TRUE,FALSE,TRUE,6
"303","C2 500m","Men",4,102.56,TRUE,FALSE,TRUE,7
"304","C2 500m","Men",7,105.84,FALSE,FALSE,TRUE,8
"305","C2 1000m","Men",2,NA,TRUE,FALSE,TRUE,1
"306","C2 1000m","Men",1,NA,TRUE,FALSE,TRUE,3
"307","K2 1000m","Men",8,238.47,TRUE,FALSE,TRUE,1
"308","K2 1000m","Men",4,205.42,TRUE,FALSE,TRUE,1
"309","C2 500m","Men",6,104.59,TRUE,FALSE,TRUE,1
"310","C2 500m","Men",1,107.78,TRUE,FALSE,TRUE,2
"311","C2 500m","Men",7,109.98,TRUE,FALSE,TRUE,3
"312","C2 500m","Men",7,105.84,FALSE,FALSE,TRUE,8
"313","K2 500m","Men",7,100.81,TRUE,FALSE,TRUE,1
"314","K2 500m","Men",4,98.5,FALSE,FALSE,TRUE,4
"315","C2 1000m","Men",3,227.22,TRUE,FALSE,TRUE,1
"316","C2 1000m","Men",1,230.1,TRUE,FALSE,TRUE,2
"317","K2 1000m","Men",7,198.86,TRUE,FALSE,TRUE,2
"318","C2 1000m","Men",1,225.56,TRUE,FALSE,TRUE,1
"319","C2 1000m","Men",5,222.86,FALSE,FALSE,TRUE,4
"320","C2 500m","Men",1,102.741,TRUE,FALSE,TRUE,1
"321","C2 500m","Men",2,108.452,TRUE,FALSE,TRUE,2
"322","C2 500m","Men",1,106.4,TRUE,FALSE,TRUE,3
"323","C2 500m","Men",7,103.27,FALSE,FALSE,TRUE,4
"324","C2 1000m","Men",3,215.428,TRUE,FALSE,TRUE,1
"325","K2 1000m","Men",1,NA,TRUE,FALSE,TRUE,6
"326","C1 1000m","Men",7,251.25,TRUE,FALSE,TRUE,1
"327","C1 1000m","Men",2,242.15,TRUE,FALSE,TRUE,2
"328","K4 500m","Women",8,NA,TRUE,FALSE,TRUE,2
"329","K4 500m","Women",4,98.927,TRUE,FALSE,TRUE,3
"330","K4 500m","Women",5,97.544,FALSE,FALSE,TRUE,4
"331","K4 500m","Women",5,96.155,TRUE,FALSE,TRUE,5
"332","K4 500m","Women",12,100.092,FALSE,FALSE,TRUE,8
"333","K4 500m","Women",6,99.777,TRUE,FALSE,TRUE,1
"334","K2 1000m","Men",2,285.5,TRUE,FALSE,TRUE,10
"335","K4 500m","Women",1,95.42,TRUE,FALSE,TRUE,3
"336","C1 1000m","Men",6,294.27,TRUE,FALSE,TRUE,1
"337","K2 1000m","Men",4,194.942,TRUE,FALSE,TRUE,1
"338","K2 1000m","Men",5,212.56,TRUE,FALSE,TRUE,2
"339","K2 1000m","Men",6,237.12,TRUE,FALSE,TRUE,1
"340","K2 1000m","Men",2,217.45,TRUE,FALSE,TRUE,2
"341","K2 1000m","Men",6,221.69,TRUE,FALSE,TRUE,5
"342","K2 500m","Men",3,109.58,TRUE,FALSE,TRUE,1
"343","K1 500m","Men",2,119.67,TRUE,FALSE,TRUE,1
"344","K1 500m","Men",7,107.36,FALSE,FALSE,TRUE,4
"345","K1 500m","Men",7,113.04,TRUE,FALSE,TRUE,5
"346","K2 1000m","Men",1,202.71,TRUE,FALSE,TRUE,1
"347","K2 1000m","Men",6,220.47,TRUE,FALSE,TRUE,6
"348","K1 500m","Men",12,101.486,FALSE,FALSE,TRUE,4
"349","C2 1000m","Men",2,221.72,TRUE,FALSE,TRUE,1
"350","C2 1000m","Men",6,242.97,TRUE,FALSE,TRUE,2
"351","C2 1000m","Men",5,222.828,TRUE,FALSE,TRUE,3
"352","C2 500m","Men",3,101.136,TRUE,FALSE,TRUE,1
"353","C2 500m","Men",1,103.467,TRUE,FALSE,TRUE,2
"354","C2 500m","Men",1,104.351,TRUE,FALSE,TRUE,3
"355","C2 500m","Men",9,137.126,FALSE,FALSE,TRUE,4
"356","C2 500m","Men",6,106.54,TRUE,FALSE,TRUE,5
"357","C2 500m","Men",6,111.865,TRUE,FALSE,TRUE,7
"358","C2 1000m","Men",5,214.292,TRUE,FALSE,TRUE,1
"359","C2 1000m","Men",4,219.173,TRUE,FALSE,TRUE,2
"360","C2 1000m","Men",1,217.625,TRUE,TRUE,TRUE,3
"361","C2 1000m","Men",6,228.936,TRUE,TRUE,TRUE,5
"362","C2 500m","Men",2,103.986,TRUE,FALSE,TRUE,1
"363","K4 500m","Women",5,98.269,TRUE,FALSE,TRUE,1
"364","K4 500m","Women",3,97.648,TRUE,FALSE,TRUE,2
"365","K2 1000m","Men",1,NA,TRUE,FALSE,TRUE,2
"366","C2 1000m","Men",3,227.65,TRUE,FALSE,TRUE,1
"367","C2 500m","Men",5,103.56,TRUE,FALSE,TRUE,1
"368","C2 500m","Men",2,107.44,TRUE,FALSE,TRUE,2
"369","C2 500m","Men",8,104.81,TRUE,FALSE,TRUE,5
"370","C2 500m","Men",3,110.16,TRUE,FALSE,TRUE,6
"371","K4 500m","Women",7,99.415,TRUE,FALSE,TRUE,1
"372","K2 500m","Women",3,NA,TRUE,FALSE,TRUE,2
"373","K4 500m","Women",7,94.863,TRUE,FALSE,TRUE,1
"374","K4 500m","Women",8,NA,TRUE,FALSE,TRUE,2
"375","K4 500m","Women",4,98.927,TRUE,FALSE,TRUE,3
"376","K1 500m","Women",4,109.811,TRUE,FALSE,TRUE,1
"377","K1 500m","Women",17,122.712,FALSE,FALSE,TRUE,8
"378","K1 200m","Women",3,40.67,TRUE,FALSE,TRUE,1
"379","K1 200m","Women",2,40.797,TRUE,FALSE,TRUE,2
"380","K1 200m","Women",4,41.555,TRUE,FALSE,TRUE,5
"381","K1 1000m","Men",2,239.86,TRUE,FALSE,TRUE,1
"382","K4 500m","Women",3,97.887,TRUE,FALSE,TRUE,1
"383","K4 500m","Women",14,97.486,TRUE,FALSE,TRUE,2
"384","K4 500m","Women",10,100.265,TRUE,TRUE,TRUE,5
"385","C1 1000m","Men",8,NA,TRUE,FALSE,TRUE,2
"386","C1 1000m","Men",3,254.154,TRUE,FALSE,TRUE,3
"387","C1 1000m","Men",15,262.377,TRUE,FALSE,TRUE,5
"388","C1 1000m","Men",4,249.77,TRUE,TRUE,TRUE,5
"389","C1 200m","Men",3,38.915,TRUE,FALSE,TRUE,1
"390","C1 200m","Men",1,41.2,TRUE,TRUE,TRUE,5
"391","C2 1000m","Men",1,218.508,TRUE,FALSE,TRUE,1
"392","C2 1000m","Men",10,237.22,TRUE,TRUE,TRUE,5
"393","C1 1000m","Men",2,NA,TRUE,FALSE,TRUE,2
"394","K2 1000m","Men",1,NA,TRUE,FALSE,TRUE,2
"395","C2 500m","Men",6,113.21,TRUE,FALSE,TRUE,1
"396","C2 500m","Men",1,NA,TRUE,FALSE,TRUE,2
"397","C2 500m","Men",1,NA,TRUE,FALSE,TRUE,3
"398","C1 1000m","Men",3,252.18,TRUE,FALSE,TRUE,1
"399","C1 1000m","Men",2,236.58,TRUE,FALSE,TRUE,2
"400","C1 1000m","Men",1,241.84,TRUE,FALSE,TRUE,3
"401","C1 1000m","Men",7,289.32,FALSE,FALSE,TRUE,4
"402","C2 500m","Men",1,110.19,TRUE,FALSE,TRUE,1
"403","C1 200m","Men",2,39.573,TRUE,FALSE,TRUE,1
"404","C1 200m","Men",1,39.161,TRUE,FALSE,TRUE,2
"405","K1 500m","Women",2,119.28,TRUE,FALSE,TRUE,1
"406","C2 1000m","Men",5,223.375,TRUE,TRUE,TRUE,7
"407","C2 500m","Men",3,NA,TRUE,FALSE,TRUE,3
"408","K2 1000m","Men",3,NA,TRUE,FALSE,TRUE,3
"409","K2 1000m","Men",3,NA,TRUE,FALSE,TRUE,6
"410","C2 500m","Men",5,103.79,TRUE,FALSE,TRUE,1
"411","K1 500m","Men",2,110.99,TRUE,FALSE,TRUE,1
"412","C1 1000m","Men",4,245.02,TRUE,FALSE,TRUE,3
"413","C1 1000m","Men",4,289.97,TRUE,FALSE,TRUE,5
"414","C1 1000m","Men",1,267.82,TRUE,FALSE,TRUE,6
"415","K1 1000m","Men",2,206.298,TRUE,FALSE,TRUE,1
"416","K1 1000m","Men",1,205.092,TRUE,FALSE,TRUE,2
"417","K1 1000m","Men",1,208.854,TRUE,FALSE,TRUE,3
"418","K1 1000m","Men",1,216.2,TRUE,TRUE,TRUE,5
"419","K1 500m","Women",8,118.496,TRUE,FALSE,TRUE,1
"420","K1 500m","Women",3,114.64,TRUE,FALSE,TRUE,2
"421","K1 500m","Women",4,112.78,FALSE,FALSE,TRUE,4
"422","K1 500m","Women",3,114.22,TRUE,FALSE,TRUE,5
"423","K1 500m","Women",1,117.58,TRUE,FALSE,TRUE,6
"424","K1 500m","Women",3,114.39,TRUE,FALSE,TRUE,7
"425","K1 500m","Women",5,120.58,TRUE,FALSE,TRUE,9
"426","K1 500m","Women",7,125.65,TRUE,FALSE,TRUE,10
"427","K2 1000m","Men",8,209.39,FALSE,FALSE,TRUE,8
"428","K2 1000m","Men",5,236.44,TRUE,FALSE,TRUE,9
"429","K2 500m","Women",3,103.568,TRUE,FALSE,TRUE,1
"430","K4 500m","Women",1,93.993,TRUE,FALSE,TRUE,1
"431","K4 500m","Women",2,103.991,TRUE,FALSE,TRUE,2
"432","K4 500m","Women",2,97.967,TRUE,FALSE,TRUE,3
"433","K4 500m","Women",1,96.58,TRUE,FALSE,TRUE,1
"434","K4 500m","Women",3,97.09,TRUE,FALSE,TRUE,2
"435","K4 500m","Women",1,92.9,TRUE,FALSE,TRUE,3
"436","K2 500m","Women",6,104.447,TRUE,FALSE,TRUE,1
"437","K2 500m","Women",8,115.404,TRUE,FALSE,TRUE,2
"438","K2 500m","Women",3,109.34,TRUE,FALSE,TRUE,6
"439","K1 500m","Women",6,114.216,TRUE,FALSE,TRUE,1
"440","K1 500m","Women",2,116.722,TRUE,FALSE,TRUE,2
"441","K1 500m","Women",5,122.755,TRUE,FALSE,TRUE,3
"442","K1 500m","Women",7,110.811,FALSE,FALSE,TRUE,4
"443","K1 500m","Women",4,115.483,TRUE,FALSE,TRUE,5
"444","K1 500m","Women",1,113.59,TRUE,FALSE,TRUE,9
"445","K1 500m","Women",3,117.96,TRUE,FALSE,TRUE,10
"446","K4 500m","Women",2,94.703,TRUE,FALSE,TRUE,1
"447","K4 500m","Women",1,97.14,TRUE,FALSE,TRUE,3
"448","K1 500m","Women",3,109.399,TRUE,FALSE,TRUE,1
"449","K1 500m","Women",4,112.557,FALSE,FALSE,TRUE,4
"450","K1 500m","Women",7,113.379,TRUE,FALSE,TRUE,5
"451","K1 500m","Women",4,115.953,TRUE,FALSE,TRUE,7
"452","K2 1000m","Men",1,195.46,TRUE,FALSE,TRUE,1
"453","K2 1000m","Men",1,195.77,TRUE,FALSE,TRUE,2
"454","K2 1000m","Men",1,191.62,TRUE,FALSE,TRUE,3
"455","K2 500m","Men",2,92.04,TRUE,FALSE,TRUE,1
"456","K2 500m","Men",3,95.05,TRUE,FALSE,TRUE,2
"457","K2 500m","Men",1,91.58,TRUE,FALSE,TRUE,3
"458","K2 500m","Men",7,96.49,FALSE,FALSE,TRUE,4
"459","K1 1000m","Men",4,222.319,TRUE,FALSE,TRUE,1
"460","K1 1000m","Men",5,221.243,TRUE,FALSE,TRUE,2
"461","K2 1000m","Men",2,191.132,TRUE,FALSE,TRUE,1
"462","K2 1000m","Men",2,NA,TRUE,FALSE,TRUE,2
"463","K2 1000m","Men",4,NA,FALSE,FALSE,TRUE,4
"464","K2 1000m","Men",12,NA,TRUE,FALSE,TRUE,1
"465","K2 1000m","Men",5,NA,TRUE,FALSE,TRUE,6
"466","K2 1000m","Men",5,199.487,TRUE,FALSE,TRUE,7
"467","K4 500m","Women",1,91.632,TRUE,FALSE,TRUE,1
"468","K4 500m","Women",1,95.724,TRUE,FALSE,TRUE,2
"469","K4 500m","Women",1,96.083,TRUE,FALSE,TRUE,3
"470","K2 500m","Women",1,NA,TRUE,FALSE,TRUE,6
"471","K1 1000m","Men",1,215.19,TRUE,FALSE,TRUE,1
"472","K1 1000m","Men",1,213.18,TRUE,FALSE,TRUE,2
"473","K1 500m","Men",2,102.49,TRUE,FALSE,TRUE,1
"474","K2 1000m","Men",6,200.71,FALSE,FALSE,TRUE,8
"475","K2 1000m","Men",3,209.728,TRUE,FALSE,TRUE,2
"476","K4 500m","Women",2,97.951,TRUE,FALSE,TRUE,5
"477","K4 500m","Women",1,91.763,TRUE,FALSE,TRUE,6
"478","K2 1000m","Men",2,191.132,TRUE,FALSE,TRUE,1
"479","K2 1000m","Men",2,NA,TRUE,FALSE,TRUE,2
"480","K2 500m","Men",3,NA,TRUE,FALSE,TRUE,1
"481","C1 1000m","Men",7,298.66,TRUE,FALSE,TRUE,1
"482","C1 1000m","Men",4,270.47,TRUE,FALSE,TRUE,2
"483","K1 500m","Men",8,122.88,TRUE,FALSE,TRUE,1
"484","K1 500m","Men",3,106.01,TRUE,FALSE,TRUE,2
"485","K1 500m","Men",3,111.67,TRUE,FALSE,TRUE,3
"486","K2 500m","Men",7,112.78,TRUE,FALSE,TRUE,1
"487","K2 1000m","Men",1,NA,TRUE,FALSE,TRUE,2
"488","C2 1000m","Men",4,238.59,TRUE,FALSE,TRUE,2
"489","C2 500m","Men",6,113.21,TRUE,FALSE,TRUE,1
"490","C2 500m","Men",1,NA,TRUE,FALSE,TRUE,2
"491","C2 500m","Men",1,NA,TRUE,FALSE,TRUE,3
"492","C2 500m","Men",3,101.136,TRUE,FALSE,TRUE,1
"493","C2 500m","Men",1,103.467,TRUE,FALSE,TRUE,2
"494","C2 1000m","Men",2,221.72,TRUE,FALSE,TRUE,1
"495","C2 1000m","Men",6,242.97,TRUE,FALSE,TRUE,2
"496","C2 1000m","Men",5,222.828,TRUE,FALSE,TRUE,3
"497","K1 200m","Women",1,39.998,TRUE,FALSE,TRUE,1
"498","K1 500m","Women",1,109.398,TRUE,FALSE,TRUE,1
"499","K1 500m","Women",2,109.79,TRUE,FALSE,TRUE,2
"500","K1 500m","Women",3,118.619,TRUE,FALSE,TRUE,3
"501","K1 500m","Women",17,123.922,TRUE,TRUE,TRUE,9
"502","K4 500m","Women",6,99.777,TRUE,FALSE,TRUE,1
"503","K4 500m","Women",6,98.116,FALSE,FALSE,TRUE,4
"504","K4 500m","Women",5,NA,TRUE,FALSE,TRUE,6
"505","C1 1000m","Men",2,263.7,TRUE,FALSE,TRUE,1
"506","K4 500m","Women",6,99.777,TRUE,FALSE,TRUE,1
"507","K4 500m","Women",6,95.945,TRUE,FALSE,TRUE,2
"508","K1 500m","Women",2,NA,TRUE,FALSE,TRUE,1
"509","K2 500m","Women",2,NA,TRUE,FALSE,TRUE,5
"510","K2 500m","Men",5,93.41,TRUE,FALSE,TRUE,1
"511","K2 500m","Men",6,96.37,TRUE,FALSE,TRUE,2
"512","K2 500m","Men",3,92.53,TRUE,FALSE,TRUE,3
"513","K2 500m","Men",6,96.22,FALSE,FALSE,TRUE,4
"514","K4 500m","Women",5,94.559,TRUE,FALSE,TRUE,1
"515","K4 500m","Women",2,97.171,TRUE,FALSE,TRUE,2
"516","K4 500m","Women",1,96.003,TRUE,FALSE,TRUE,1
"517","C2 1000m","Men",2,226.03,TRUE,FALSE,TRUE,1
"518","K2 1000m","Men",1,190.175,TRUE,FALSE,TRUE,1
"519","K2 1000m","Men",4,190.529,TRUE,FALSE,TRUE,2
"520","K2 1000m","Men",1,202.331,TRUE,FALSE,TRUE,3
"521","K1 1000m","Men",8,216.724,TRUE,FALSE,TRUE,3
"522","C2 1000m","Men",2,227.58,TRUE,FALSE,TRUE,1
"523","C2 1000m","Men",2,217.61,TRUE,FALSE,TRUE,2
"524","C2 1000m","Men",3,219.64,TRUE,FALSE,TRUE,3
"525","C2 1000m","Men",6,233.01,FALSE,FALSE,TRUE,8
"526","C2 500m","Men",1,102.11,TRUE,FALSE,TRUE,1
"527","C2 500m","Men",6,112.01,TRUE,FALSE,TRUE,2
"528","C2 500m","Men",2,103.28,TRUE,FALSE,TRUE,3
"529","C2 500m","Men",4,102.8,TRUE,FALSE,TRUE,6
"530","C2 1000m","Men",2,227.58,TRUE,FALSE,TRUE,1
"531","C2 1000m","Men",2,217.61,TRUE,FALSE,TRUE,2
"532","C2 1000m","Men",3,219.64,TRUE,FALSE,TRUE,3
"533","C2 1000m","Men",4,257.65,TRUE,FALSE,TRUE,5
"534","C2 1000m","Men",5,225.37,TRUE,FALSE,TRUE,7
"535","C2 1000m","Men",8,247.74,TRUE,FALSE,TRUE,9
"536","C2 500m","Men",1,102.11,TRUE,FALSE,TRUE,1
"537","C2 500m","Men",6,112.01,TRUE,FALSE,TRUE,2
"538","C2 500m","Men",2,103.28,TRUE,FALSE,TRUE,3
"539","C2 500m","Men",8,126.59,TRUE,FALSE,TRUE,5
"540","C2 500m","Men",4,108.53,TRUE,FALSE,TRUE,7
"541","C2 500m","Men",3,112.22,TRUE,FALSE,TRUE,9
"542","K4 500m","Women",1,93.953,TRUE,FALSE,TRUE,1
"543","K4 500m","Women",3,89.585,TRUE,FALSE,TRUE,2
"544","K4 500m","Women",3,93.642,TRUE,FALSE,TRUE,3
"545","K4 500m","Women",5,99.5,TRUE,FALSE,TRUE,1
"546","K4 500m","Women",3,108.16,TRUE,FALSE,TRUE,1
"547","K4 500m","Women",6,100.92,TRUE,FALSE,TRUE,2
"548","K4 500m","Women",5,102.06,TRUE,FALSE,TRUE,3
"549","K2 500m","Women",3,NA,TRUE,FALSE,TRUE,6
"550","K4 500m","Women",7,96.592,TRUE,FALSE,TRUE,1
"551","K4 500m","Women",5,105.871,TRUE,FALSE,TRUE,2
"552","K4 500m","Women",7,101.06,TRUE,FALSE,TRUE,3
"553","K2 500m","Women",3,101.719,TRUE,FALSE,TRUE,1
"554","K2 500m","Women",4,103.516,TRUE,FALSE,TRUE,2
"555","K2 500m","Women",3,102.974,TRUE,FALSE,TRUE,3
"556","K2 500m","Women",10,105.626,FALSE,FALSE,TRUE,4
"557","K2 500m","Women",1,NA,TRUE,FALSE,TRUE,2
"558","K1 200m","Men",6,35.514,TRUE,FALSE,TRUE,1
"559","K1 200m","Men",13,39.059,TRUE,FALSE,TRUE,3
"560","C1 1000m","Men",5,250.707,TRUE,FALSE,TRUE,1
"561","C1 1000m","Men",8,241.009,TRUE,FALSE,TRUE,2
"562","C1 1000m","Men",4,240.514,TRUE,FALSE,TRUE,3
"563","C1 1000m","Men",9,269.049,TRUE,FALSE,TRUE,5
"564","K2 1000m","Men",3,191.502,TRUE,FALSE,TRUE,1
"565","K2 1000m","Men",3,189.857,TRUE,FALSE,TRUE,2
"566","K2 1000m","Men",4,194.942,TRUE,FALSE,TRUE,1
"567","K2 1000m","Men",5,212.56,TRUE,FALSE,TRUE,2
"568","K2 1000m","Men",5,195.053,TRUE,FALSE,TRUE,3
"569","K2 1000m","Men",8,194.182,FALSE,FALSE,TRUE,4
"570","K1 200m","Women",2,40.7,TRUE,FALSE,TRUE,1
"571","K1 200m","Women",2,38.814,TRUE,FALSE,TRUE,2
"572","K1 200m","Women",2,39.712,TRUE,FALSE,TRUE,3
"573","K1 200m","Women",5,45.5,FALSE,FALSE,TRUE,4
"574","K1 200m","Women",2,40.472,TRUE,FALSE,TRUE,5
"575","K1 200m","Women",7,41.409,TRUE,FALSE,TRUE,6
"576","K1 200m","Women",2,41.209,TRUE,FALSE,TRUE,7
"577","C1 1000m","Men",2,244.76,TRUE,FALSE,TRUE,1
"578","C1 1000m","Men",4,250.428,TRUE,FALSE,TRUE,2
"579","C1 1000m","Men",5,257.26,TRUE,FALSE,TRUE,3
"580","C2 500m","Men",7,104.4,TRUE,FALSE,TRUE,1
"581","K2 500m","Women",2,114.32,TRUE,FALSE,TRUE,1
"582","K2 500m","Women",1,NA,TRUE,FALSE,TRUE,2
"583","K2 500m","Women",1,NA,TRUE,FALSE,TRUE,3
"584","K4 500m","Women",3,97.887,TRUE,FALSE,TRUE,1
"585","K4 500m","Women",14,97.486,TRUE,FALSE,TRUE,2
"586","C2 1000m","Men",3,257.47,TRUE,FALSE,TRUE,1
"587","C2 1000m","Men",2,242.75,TRUE,FALSE,TRUE,2
"588","C2 1000m","Men",4,231.3,FALSE,FALSE,TRUE,4
"589","C2 500m","Men",1,118,TRUE,FALSE,TRUE,1
"590","C2 500m","Men",1,100.8,TRUE,FALSE,TRUE,2
"591","K1 1000m","Men",4,220.472,TRUE,FALSE,TRUE,1
"592","K1 1000m","Men",1,209.544,TRUE,FALSE,TRUE,2
"593","K1 1000m","Men",1,209.425,TRUE,FALSE,TRUE,3
"594","K1 1000m","Men",5,209.391,FALSE,FALSE,TRUE,4
"595","K1 1000m","Men",10,226.611,TRUE,FALSE,TRUE,5
"596","K2 1000m","Men",1,190.175,TRUE,FALSE,TRUE,1
"597","K2 1000m","Men",4,190.529,TRUE,FALSE,TRUE,2
"598","K2 1000m","Men",1,202.331,TRUE,FALSE,TRUE,3
"599","K2 1000m","Men",1,197.63,TRUE,TRUE,TRUE,5
"600","K1 200m","Men",2,34.993,TRUE,FALSE,TRUE,1
"601","K1 200m","Men",4,36.688,FALSE,FALSE,TRUE,4
"602","K1 200m","Men",4,35.25,TRUE,FALSE,TRUE,5
"603","K1 200m","Men",15,36.557,TRUE,FALSE,TRUE,6
"604","K1 500m","Men",2,103.698,TRUE,FALSE,TRUE,2
"605","K1 500m","Men",8,109.131,TRUE,FALSE,TRUE,3
"606","K2 1000m","Men",2,NA,TRUE,FALSE,TRUE,2
"607","K1 500m","Women",2,NA,TRUE,FALSE,TRUE,1
"608","K1 500m","Women",2,NA,TRUE,FALSE,TRUE,2
"609","K1 500m","Women",8,138.38,FALSE,FALSE,TRUE,4
"610","C2 1000m","Men",2,NA,TRUE,FALSE,TRUE,5
"611","K1 500m","Men",7,103.55,TRUE,FALSE,TRUE,1
"612","K1 500m","Men",8,105.77,TRUE,FALSE,TRUE,2
"613","K1 1000m","Men",8,245.6,TRUE,FALSE,TRUE,1
"614","K1 1000m","Men",5,243.82,TRUE,FALSE,TRUE,2
"615","K1 1000m","Men",7,233.5,FALSE,FALSE,TRUE,4
"616","K1 1000m","Men",7,249.27,TRUE,FALSE,TRUE,5
"617","K1 1000m","Men",2,NA,TRUE,FALSE,TRUE,6
"618","K2 1000m","Men",3,191.502,TRUE,FALSE,TRUE,1
"619","K2 1000m","Men",4,200.8,TRUE,FALSE,TRUE,1
"620","K2 1000m","Men",8,202.77,TRUE,FALSE,TRUE,5
"621","C2 1000m","Men",3,257.47,TRUE,FALSE,TRUE,1
"622","C2 1000m","Men",2,242.75,TRUE,FALSE,TRUE,2
"623","C2 1000m","Men",4,231.3,FALSE,FALSE,TRUE,4
"624","C2 500m","Men",1,118,TRUE,FALSE,TRUE,1
"625","C2 500m","Men",1,100.8,TRUE,FALSE,TRUE,2
"626","K4 500m","Women",3,97.887,TRUE,FALSE,TRUE,1
"627","K4 500m","Women",14,97.486,TRUE,FALSE,TRUE,2
"628","K4 500m","Women",10,100.265,TRUE,TRUE,TRUE,5
"629","C2 500m","Men",7,108.18,FALSE,FALSE,TRUE,4
"630","K4 500m","Women",3,108.16,TRUE,FALSE,TRUE,1
"631","K4 500m","Women",3,105.53,TRUE,FALSE,TRUE,5
"632","K4 500m","Women",3,NA,TRUE,FALSE,TRUE,6
"633","K1 500m","Women",4,136.506,FALSE,FALSE,TRUE,4
"634","K1 500m","Women",7,114.596,TRUE,FALSE,TRUE,5
"635","K4 500m","Women",1,91.763,TRUE,FALSE,TRUE,2
"636","K1 200m","Women",1,40.181,TRUE,FALSE,TRUE,2
"637","K1 200m","Women",1,40.866,TRUE,FALSE,TRUE,3
"638","K1 200m","Women",1,40.835,TRUE,FALSE,TRUE,5
"639","K1 200m","Women",4,41.986,TRUE,FALSE,TRUE,10
"640","K1 500m","Men",1,97.541,TRUE,FALSE,TRUE,1
"641","K1 500m","Men",1,99.901,TRUE,FALSE,TRUE,2
"642","K1 500m","Men",7,103.172,TRUE,FALSE,TRUE,3
"643","K1 500m","Men",10,100.884,FALSE,FALSE,TRUE,4
"644","K2 1000m","Men",6,196.057,TRUE,FALSE,TRUE,1
"645","K2 1000m","Men",2,193.691,TRUE,FALSE,TRUE,2
"646","K2 1000m","Men",1,196.685,TRUE,FALSE,TRUE,3
"647","K2 1000m","Men",9,200.515,FALSE,FALSE,TRUE,4
"648","K2 500m","Women",2,NA,TRUE,FALSE,TRUE,3
"649","K2 1000m","Men",4,205.42,TRUE,FALSE,TRUE,1
"650","K4 500m","Women",5,100.75,TRUE,FALSE,TRUE,1
"651","K4 500m","Women",4,96.22,TRUE,FALSE,TRUE,2
"652","K4 500m","Women",6,110.19,TRUE,FALSE,TRUE,5
"653","K4 500m","Women",8,101.62,TRUE,FALSE,TRUE,6
"654","K4 500m","Women",7,94.863,TRUE,FALSE,TRUE,1
"655","K4 500m","Women",8,NA,TRUE,FALSE,TRUE,2
"656","K4 500m","Women",5,97.544,FALSE,FALSE,TRUE,4
"657","K4 500m","Women",5,96.155,TRUE,FALSE,TRUE,5
"658","C2 1000m","Men",2,224.43,TRUE,FALSE,TRUE,1
"659","C2 1000m","Men",6,222.64,TRUE,FALSE,TRUE,2
"660","C2 1000m","Men",2,217.6,TRUE,FALSE,TRUE,3
"661","K2 1000m","Men",7,237.35,TRUE,FALSE,TRUE,1
"662","K2 500m","Men",6,112.51,TRUE,FALSE,TRUE,1
"663","K2 500m","Men",2,93.94,TRUE,FALSE,TRUE,2
"664","K1 500m","Men",1,101.7,TRUE,FALSE,TRUE,1
"665","K2 1000m","Men",1,202.71,TRUE,FALSE,TRUE,1
"666","C2 500m","Men",1,103.553,TRUE,FALSE,TRUE,1
"667","C2 500m","Men",2,107.161,TRUE,FALSE,TRUE,2
"668","C2 500m","Men",2,109.587,TRUE,FALSE,TRUE,3
"669","C2 500m","Men",13,104.793,FALSE,FALSE,TRUE,4
"670","K2 500m","Men",7,112.78,TRUE,FALSE,TRUE,1
"671","K1 1000m","Men",8,219.569,TRUE,FALSE,TRUE,1
"672","K1 500m","Men",2,99.729,TRUE,FALSE,TRUE,1
"673","K1 500m","Men",7,108.337,TRUE,FALSE,TRUE,3
"674","K1 500m","Men",16,102.379,FALSE,FALSE,TRUE,4
"675","C2 1000m","Men",5,223.375,TRUE,TRUE,TRUE,3
"676","K2 500m","Women",2,NA,TRUE,FALSE,TRUE,1
"677","K2 500m","Women",3,NA,TRUE,FALSE,TRUE,2
"678","C2 500m","Men",1,110.19,TRUE,FALSE,TRUE,1
"679","C2 500m","Men",5,103.79,TRUE,FALSE,TRUE,1
"680","K1 500m","Men",1,100.135,TRUE,FALSE,TRUE,1
"681","K2 500m","Men",3,NA,TRUE,FALSE,TRUE,1
"682","K4 500m","Women",7,96.592,TRUE,FALSE,TRUE,1
"683","K4 500m","Women",5,105.871,TRUE,FALSE,TRUE,2
"684","K4 500m","Women",7,101.06,TRUE,FALSE,TRUE,3
"685","K4 500m","Women",11,100.088,FALSE,FALSE,TRUE,4
"686","K2 500m","Men",2,88.954,TRUE,FALSE,TRUE,1
"687","K4 500m","Women",1,95.1,TRUE,FALSE,TRUE,1
"688","K2 500m","Women",1,103.21,TRUE,FALSE,TRUE,1
"689","K2 500m","Women",1,106.92,TRUE,FALSE,TRUE,2
"690","K2 500m","Women",1,103.17,TRUE,FALSE,TRUE,3
"691","K2 1000m","Men",12,NA,TRUE,FALSE,TRUE,1
"692","K4 500m","Women",2,98.66,TRUE,FALSE,TRUE,1
"693","K4 500m","Women",1,93.82,TRUE,FALSE,TRUE,2
"694","K4 500m","Women",3,97.41,TRUE,FALSE,TRUE,3
"695","K1 500m","Women",2,113.79,TRUE,FALSE,TRUE,1
"696","K1 500m","Women",4,117.58,FALSE,FALSE,TRUE,4
"697","K1 500m","Women",4,120.49,TRUE,FALSE,TRUE,5
"698","K2 500m","Women",5,105.1,TRUE,FALSE,TRUE,5
"699","K2 500m","Women",2,106.52,TRUE,FALSE,TRUE,7
"700","K2 1000m","Men",6,202.588,TRUE,FALSE,TRUE,1
"701","K2 1000m","Men",4,196.837,TRUE,FALSE,TRUE,3
"702","K2 1000m","Men",1,198.692,TRUE,FALSE,TRUE,7
"703","K2 500m","Men",6,93.441,TRUE,FALSE,TRUE,1
"704","K1 200m","Men",8,37.553,FALSE,FALSE,TRUE,4
"705","K1 200m","Men",3,35.118,TRUE,FALSE,TRUE,5
"706","K1 200m","Men",2,35.155,TRUE,FALSE,TRUE,6
"707","K1 200m","Men",1,35.134,TRUE,FALSE,TRUE,7
"708","K1 200m","Men",1,35.2,TRUE,FALSE,TRUE,10
"709","K2 500m","Women",1,NA,TRUE,FALSE,TRUE,1
"710","K1 1000m","Men",3,NA,TRUE,FALSE,TRUE,1
"711","K2 500m","Men",2,99,TRUE,FALSE,TRUE,1
"712","K2 500m","Men",1,NA,TRUE,FALSE,TRUE,2
"713","K2 1000m","Men",6,202.588,TRUE,FALSE,TRUE,1
"714","K4 500m","Women",1,94.242,TRUE,FALSE,TRUE,3
"715","K4 500m","Women",7,96.592,TRUE,FALSE,TRUE,1
"716","K4 500m","Women",5,105.871,TRUE,FALSE,TRUE,2
"717","K4 500m","Women",7,101.06,TRUE,FALSE,TRUE,3
"718","K4 500m","Women",11,100.088,FALSE,FALSE,TRUE,4
"719","K4 500m","Women",5,98.452,TRUE,FALSE,TRUE,6
"720","K4 500m","Women",6,102.3,TRUE,FALSE,TRUE,7
"721","K4 500m","Women",4,101.02,FALSE,FALSE,TRUE,8
"722","K4 500m","Women",4,99.34,TRUE,FALSE,TRUE,9
"723","K4 500m","Women",4,98.24,TRUE,FALSE,TRUE,10
"724","C1 1000m","Men",41,NA,TRUE,FALSE,TRUE,1
"725","C1 1000m","Men",3,233.837,TRUE,FALSE,TRUE,2
"726","C1 1000m","Men",3,240.215,TRUE,FALSE,TRUE,3
"727","K2 1000m","Men",3,217.47,TRUE,FALSE,TRUE,1
"728","K2 1000m","Men",1,NA,TRUE,FALSE,TRUE,2
"729","K2 500m","Men",1,97.57,TRUE,FALSE,TRUE,1
"730","K2 500m","Men",3,NA,TRUE,FALSE,TRUE,2
"731","C2 500m","Men",10,NA,TRUE,FALSE,TRUE,1
"732","C2 500m","Men",1,101.52,TRUE,FALSE,TRUE,2
"733","C2 500m","Men",3,104.28,TRUE,FALSE,TRUE,6
"734","C2 1000m","Men",1,NA,TRUE,FALSE,TRUE,2
"735","C1 1000m","Men",3,231.583,TRUE,FALSE,TRUE,1
"736","C1 1000m","Men",1,233.864,TRUE,TRUE,TRUE,1
"737","C1 1000m","Men",2,234.062,TRUE,TRUE,TRUE,2
"738","C2 1000m","Men",4,238.59,TRUE,FALSE,TRUE,2
"739","C1 1000m","Men",1,246.725,TRUE,FALSE,TRUE,2
"740","C1 1000m","Men",6,241.378,TRUE,FALSE,TRUE,3
"741","C1 1000m","Men",4,257.03,TRUE,FALSE,TRUE,7
"742","C1 1000m","Men",9,257.12,FALSE,FALSE,TRUE,8
"743","K2 500m","Women",7,124.35,TRUE,FALSE,TRUE,1
"744","K2 500m","Women",5,122.1,TRUE,FALSE,TRUE,2
"745","K2 500m","Women",6,111.21,TRUE,FALSE,TRUE,3
"746","K2 500m","Women",8,116.75,FALSE,FALSE,TRUE,8
"747","K4 500m","Women",5,100.11,TRUE,FALSE,TRUE,2
"748","K4 500m","Women",6,102.74,TRUE,FALSE,TRUE,3
"749","K4 500m","Women",6,107.66,TRUE,FALSE,TRUE,5
"750","K4 500m","Women",4,108.87,TRUE,FALSE,TRUE,1
"751","K4 500m","Women",4,98.55,TRUE,FALSE,TRUE,2
"752","K4 500m","Women",3,100.94,TRUE,FALSE,TRUE,3
"753","K2 500m","Women",3,119.88,TRUE,FALSE,TRUE,9
"754","K4 500m","Women",5,99.5,TRUE,FALSE,TRUE,1
"755","K4 500m","Women",5,98.5,TRUE,FALSE,TRUE,2
"756","K1 500m","Women",1,NA,TRUE,FALSE,TRUE,2
"757","K1 500m","Women",6,158.4,FALSE,FALSE,TRUE,4
"758","K2 500m","Women",3,103.568,TRUE,FALSE,TRUE,1
"759","K4 500m","Women",1,93.993,TRUE,FALSE,TRUE,1
"760","K4 500m","Women",2,103.991,TRUE,FALSE,TRUE,2
"761","K4 500m","Women",2,97.967,TRUE,FALSE,TRUE,3
"762","K4 500m","Women",1,91.607,TRUE,FALSE,TRUE,6
"763","K4 500m","Women",1,95.47,TRUE,TRUE,TRUE,9
"764","C1 1000m","Men",2,NA,TRUE,FALSE,TRUE,6
"765","C2 1000m","Men",1,219.228,TRUE,FALSE,TRUE,1
"766","C2 1000m","Men",3,221.041,TRUE,TRUE,TRUE,3
"767","K4 500m","Women",3,108.16,TRUE,FALSE,TRUE,1
"768","K4 500m","Women",7,94.863,TRUE,FALSE,TRUE,1
"769","K4 500m","Women",4,98.927,TRUE,FALSE,TRUE,3
"770","K4 500m","Women",12,100.092,FALSE,FALSE,TRUE,8
"771","K1 500m","Women",1,NA,TRUE,FALSE,TRUE,2
"772","K2 500m","Women",3,NA,TRUE,FALSE,TRUE,2
"773","K1 1000m","Men",2,NA,TRUE,FALSE,TRUE,2
"774","K1 1000m","Men",6,216.189,TRUE,FALSE,TRUE,1
"775","K1 500m","Men",2,96.607,TRUE,FALSE,TRUE,1
"776","K2 500m","Men",6,93.441,TRUE,FALSE,TRUE,1
"777","K2 500m","Women",2,97.275,TRUE,FALSE,TRUE,1
"778","K4 500m","Women",2,97.521,TRUE,FALSE,TRUE,1
"779","K4 500m","Women",2,92.795,TRUE,FALSE,TRUE,2
"780","K4 500m","Women",2,93.094,TRUE,FALSE,TRUE,3
"781","C2 1000m","Men",3,238.73,TRUE,FALSE,TRUE,1
"782","C2 1000m","Men",2,NA,TRUE,FALSE,TRUE,2
"783","C2 500m","Men",5,108.54,TRUE,FALSE,TRUE,3
"784","C2 500m","Men",3,NA,TRUE,FALSE,TRUE,6
"785","C2 500m","Men",3,101.501,TRUE,FALSE,TRUE,1
"786","C2 500m","Men",1,99.851,TRUE,FALSE,TRUE,3
"787","C2 500m","Men",5,100.802,FALSE,FALSE,TRUE,4
"788","C2 500m","Men",7,NA,TRUE,FALSE,TRUE,6
"789","K2 1000m","Men",7,221.01,FALSE,FALSE,TRUE,4
"790","K2 1000m","Men",1,195.46,TRUE,FALSE,TRUE,1
"791","K2 1000m","Men",1,195.77,TRUE,FALSE,TRUE,2
"792","K2 1000m","Men",1,191.62,TRUE,FALSE,TRUE,3
"793","K2 500m","Men",2,92.04,TRUE,FALSE,TRUE,1
"794","K2 500m","Men",3,95.05,TRUE,FALSE,TRUE,2
"795","K2 500m","Men",1,91.58,TRUE,FALSE,TRUE,3
"796","C1 1000m","Men",5,291.16,TRUE,FALSE,TRUE,1
"797","C1 1000m","Men",8,280.86,TRUE,FALSE,TRUE,2
"798","C1 1000m","Men",6,249.14,TRUE,FALSE,TRUE,3
"799","C1 1000m","Men",8,262.77,FALSE,FALSE,TRUE,8
"800","C2 1000m","Men",1,223.42,TRUE,FALSE,TRUE,1
"801","C2 1000m","Men",1,218.45,TRUE,FALSE,TRUE,2
"802","C2 1000m","Men",3,227.65,TRUE,FALSE,TRUE,5
"803","C2 500m","Men",5,103.56,TRUE,FALSE,TRUE,1
"804","C2 500m","Men",2,107.44,TRUE,FALSE,TRUE,2
"805","C2 500m","Men",8,104.81,TRUE,FALSE,TRUE,5
"806","C2 500m","Men",3,110.16,TRUE,FALSE,TRUE,6
"807","C2 500m","Men",3,103.29,TRUE,FALSE,TRUE,7
"808","K2 500m","Men",2,88.954,TRUE,FALSE,TRUE,1
"809","C1 200m","Men",6,39.489,TRUE,FALSE,TRUE,1
"810","C1 200m","Men",10,38.885,TRUE,FALSE,TRUE,2
"811","C1 200m","Men",1,38.462,TRUE,FALSE,TRUE,3
"812","C1 200m","Men",24,44.194,FALSE,FALSE,TRUE,4
"813","C1 200m","Men",1,39.339,TRUE,FALSE,TRUE,5
"814","C1 200m","Men",1,39.048,TRUE,FALSE,TRUE,7
"815","C1 200m","Men",2,40.137,TRUE,FALSE,TRUE,10
"816","K2 500m","Women",3,111.94,TRUE,FALSE,TRUE,2
"817","K2 500m","Women",4,108.03,TRUE,FALSE,TRUE,3
"818","K2 500m","Women",4,115.88,TRUE,FALSE,TRUE,9
"819","K4 500m","Women",4,96.22,TRUE,FALSE,TRUE,2
"820","K4 500m","Women",7,100.89,TRUE,FALSE,TRUE,3
"821","K4 500m","Women",6,110.19,TRUE,FALSE,TRUE,5
"822","K4 500m","Women",8,101.62,TRUE,FALSE,TRUE,6
"823","K4 500m","Women",7,104.33,TRUE,FALSE,TRUE,7
"824","K4 500m","Women",4,106.9,TRUE,FALSE,TRUE,9
"825","K4 500m","Women",2,NA,TRUE,FALSE,TRUE,10
"826","K1 500m","Men",2,NA,TRUE,FALSE,TRUE,1
"827","K1 500m","Men",1,NA,TRUE,FALSE,TRUE,2
"828","C1 1000m","Men",1,NA,TRUE,FALSE,TRUE,1
"829","C1 1000m","Men",1,NA,TRUE,FALSE,TRUE,2
"830","C1 1000m","Men",5,254.43,FALSE,FALSE,TRUE,4
"831","C2 1000m","Men",1,234.03,TRUE,FALSE,TRUE,1
"832","C2 1000m","Men",1,NA,TRUE,FALSE,TRUE,3
"833","C2 500m","Men",2,109.44,TRUE,FALSE,TRUE,2
"834","K2 500m","Women",4,119.17,FALSE,FALSE,TRUE,4
"835","K2 500m","Men",4,94.05,TRUE,FALSE,TRUE,1
"836","K2 500m","Women",2,NA,TRUE,FALSE,TRUE,6
"837","K1 500m","Men",1,109.64,TRUE,FALSE,TRUE,1
"838","K1 500m","Men",2,NA,TRUE,FALSE,TRUE,2
"839","K2 500m","Men",1,97.57,TRUE,FALSE,TRUE,1
"840","K4 500m","Women",3,97.887,TRUE,FALSE,TRUE,1
"841","K4 500m","Women",9,105.061,TRUE,TRUE,TRUE,3
"842","K2 500m","Men",5,93.41,TRUE,FALSE,TRUE,1
"843","K2 500m","Men",6,96.37,TRUE,FALSE,TRUE,2
"844","K2 500m","Men",3,92.53,TRUE,FALSE,TRUE,3
"845","K2 500m","Men",6,96.22,FALSE,FALSE,TRUE,4
"846","C1 200m","Men",4,39.819,TRUE,FALSE,TRUE,1
"847","C1 200m","Men",3,39.953,TRUE,FALSE,TRUE,2
"848","C1 200m","Men",11,44.842,TRUE,FALSE,TRUE,3
"849","C1 200m","Men",1,40.323,TRUE,FALSE,TRUE,5
"850","K2 1000m","Men",1,NA,TRUE,FALSE,TRUE,2
"851","K1 500m","Men",7,105.3,TRUE,FALSE,TRUE,1
"852","K1 500m","Men",2,109.31,TRUE,FALSE,TRUE,2
"853","K1 500m","Men",5,120.94,TRUE,FALSE,TRUE,5
